Title,Description,Price,Image URLs
Teal Mid-Rise Cotton Straight Shorts,,"₹1,880","https://cdn.shopify.com/s/files/1/0534/2501/2925/products/teal-mid-rise-cotton-straight-shorts-straight-shorts-809234_200x.jpg?v=1611242457,https://cdn.shopify.com/s/files/1/0534/2501/2925/products/teal-mid-rise-cotton-straight-shorts-straight-shorts-809234_300x.jpg?v=1611242457,https://cdn.shopify.com/s/files/1/0534/2501/2925/products/teal-mid-rise-cotton-straight-shorts-straight-shorts-809234_400x.jpg?v=1611242457,https://cdn.shopify.com/s/files/1/0534/2501/2925/products/teal-mid-rise-cotton-straight-shorts-straight-shorts-809234_600x.jpg?v=1611242457,https://cdn.shopify.com/s/files/1/0534/2501/2925/products/teal-mid-rise-cotton-straight-shorts-straight-shorts-809234_800x.jpg?v=1611242457,https://cdn.shopify.com/s/files/1/0534/2501/2925/products/teal-mid-rise-cotton-straight-shorts-straight-shorts-809234_900x.jpg?v=1611242457,https://cdn.shopify.com/s/files/1/0534/2501/2925/products/teal-mid-rise-cotton-straight-shorts-straight-shorts-809234_1000x.jpg?v=1611242457,https://cdn.shopify.com/s/files/1/0534/2501/2925/products/teal-mid-rise-cotton-straight-shorts-straight-shorts-809234_1200x.jpg?v=1611242457"
Kashish Dabu Print High-Rise Comfort Fit Shorts,,"₹2,800","https://cdn.shopify.com/s/files/1/0534/2501/2925/products/kashish-dabu-print-high-rise-comfort-fit-shorts-short-shorts-949083_200x.jpg?v=1626279264,https://cdn.shopify.com/s/files/1/0534/2501/2925/products/kashish-dabu-print-high-rise-comfort-fit-shorts-short-shorts-949083_300x.jpg?v=1626279264,https://cdn.shopify.com/s/files/1/0534/2501/2925/products/kashish-dabu-print-high-rise-comfort-fit-shorts-short-shorts-949083_400x.jpg?v=1626279264,https://cdn.shopify.com/s/files/1/0534/2501/2925/products/kashish-dabu-print-high-rise-comfort-fit-shorts-short-shorts-949083_600x.jpg?v=1626279264,https://cdn.shopify.com/s/files/1/0534/2501/2925/products/kashish-dabu-print-high-rise-comfort-fit-shorts-short-shorts-949083_800x.jpg?v=1626279264,https://cdn.shopify.com/s/files/1/0534/2501/2925/products/kashish-dabu-print-high-rise-comfort-fit-shorts-short-shorts-949083_900x.jpg?v=1626279264,https://cdn.shopify.com/s/files/1/0534/2501/2925/products/kashish-dabu-print-high-rise-comfort-fit-shorts-short-shorts-949083_1000x.jpg?v=1626279264,https://cdn.shopify.com/s/files/1/0534/2501/2925/products/kashish-dabu-print-high-rise-comfort-fit-shorts-short-shorts-949083_1200x.jpg?v=1626279264"
Orange Handspun Mirror Work Shorts,Handspun Handwoven,"₹3,040","https://cdn.shopify.com/s/files/1/0534/2501/2925/products/orange-handspun-mirror-work-shorts-straight-shorts-733057_200x.jpg?v=1625849349,https://cdn.shopify.com/s/files/1/0534/2501/2925/products/orange-handspun-mirror-work-shorts-straight-shorts-733057_300x.jpg?v=1625849349,https://cdn.shopify.com/s/files/1/0534/2501/2925/products/orange-handspun-mirror-work-shorts-straight-shorts-733057_400x.jpg?v=1625849349,https://cdn.shopify.com/s/files/1/0534/2501/2925/products/orange-handspun-mirror-work-shorts-straight-shorts-733057_600x.jpg?v=1625849349,https://cdn.shopify.com/s/files/1/0534/2501/2925/products/orange-handspun-mirror-work-shorts-straight-shorts-733057_800x.jpg?v=1625849349,https://cdn.shopify.com/s/files/1/0534/2501/2925/products/orange-handspun-mirror-work-shorts-straight-shorts-733057_900x.jpg?v=1625849349,https://cdn.shopify.com/s/files/1/0534/2501/2925/products/orange-handspun-mirror-work-shorts-straight-shorts-733057_1000x.jpg?v=1625849349,https://cdn.shopify.com/s/files/1/0534/2501/2925/products/orange-handspun-mirror-work-shorts-straight-shorts-733057_1200x.jpg?v=1625849349"
Floral Block Print Comfort Fit Shorts,,"₹2,670","https://cdn.shopify.com/s/files/1/0534/2501/2925/products/floral-bagru-printed-short-shorts-short-shorts-835454_200x.jpg?v=1625850454,https://cdn.shopify.com/s/files/1/0534/2501/2925/products/floral-bagru-printed-short-shorts-short-shorts-835454_300x.jpg?v=1625850454,https://cdn.shopify.com/s/files/1/0534/2501/2925/products/floral-bagru-printed-short-shorts-short-shorts-835454_400x.jpg?v=1625850454,https://cdn.shopify.com/s/files/1/0534/2501/2925/products/floral-bagru-printed-short-shorts-short-shorts-835454_600x.jpg?v=1625850454,https://cdn.shopify.com/s/files/1/0534/2501/2925/products/floral-bagru-printed-short-shorts-short-shorts-835454_800x.jpg?v=1625850454,https://cdn.shopify.com/s/files/1/0534/2501/2925/products/floral-bagru-printed-short-shorts-short-shorts-835454_900x.jpg?v=1625850454,https://cdn.shopify.com/s/files/1/0534/2501/2925/products/floral-bagru-printed-short-shorts-short-shorts-835454_1000x.jpg?v=1625850454,https://cdn.shopify.com/s/files/1/0534/2501/2925/products/floral-bagru-printed-short-shorts-short-shorts-835454_1200x.jpg?v=1625850454"
Olive Green Cotton Straight Shorts,,"₹1,880","https://cdn.shopify.com/s/files/1/0534/2501/2925/products/olive-green-cotton-straight-shorts-straight-shorts-974322_200x.jpg?v=1611242437,https://cdn.shopify.com/s/files/1/0534/2501/2925/products/olive-green-cotton-straight-shorts-straight-shorts-974322_300x.jpg?v=1611242437,https://cdn.shopify.com/s/files/1/0534/2501/2925/products/olive-green-cotton-straight-shorts-straight-shorts-974322_400x.jpg?v=1611242437,https://cdn.shopify.com/s/files/1/0534/2501/2925/products/olive-green-cotton-straight-shorts-straight-shorts-974322_600x.jpg?v=1611242437,https://cdn.shopify.com/s/files/1/0534/2501/2925/products/olive-green-cotton-straight-shorts-straight-shorts-974322_800x.jpg?v=1611242437,https://cdn.shopify.com/s/files/1/0534/2501/2925/products/olive-green-cotton-straight-shorts-straight-shorts-974322_900x.jpg?v=1611242437,https://cdn.shopify.com/s/files/1/0534/2501/2925/products/olive-green-cotton-straight-shorts-straight-shorts-974322_1000x.jpg?v=1611242437,https://cdn.shopify.com/s/files/1/0534/2501/2925/products/olive-green-cotton-straight-shorts-straight-shorts-974322_1200x.jpg?v=1611242437"
Sky Blue Crinkled Cotton Short Shorts,,"₹3,520","https://cdn.shopify.com/s/files/1/0534/2501/2925/products/sky-blue-crinkled-cotton-short-shorts-short-shorts-462658_200x.jpg?v=1625850697,https://cdn.shopify.com/s/files/1/0534/2501/2925/products/sky-blue-crinkled-cotton-short-shorts-short-shorts-462658_300x.jpg?v=1625850697,https://cdn.shopify.com/s/files/1/0534/2501/2925/products/sky-blue-crinkled-cotton-short-shorts-short-shorts-462658_400x.jpg?v=1625850697,https://cdn.shopify.com/s/files/1/0534/2501/2925/products/sky-blue-crinkled-cotton-short-shorts-short-shorts-462658_600x.jpg?v=1625850697,https://cdn.shopify.com/s/files/1/0534/2501/2925/products/sky-blue-crinkled-cotton-short-shorts-short-shorts-462658_800x.jpg?v=1625850697,https://cdn.shopify.com/s/files/1/0534/2501/2925/products/sky-blue-crinkled-cotton-short-shorts-short-shorts-462658_900x.jpg?v=1625850697,https://cdn.shopify.com/s/files/1/0534/2501/2925/products/sky-blue-crinkled-cotton-short-shorts-short-shorts-462658_1000x.jpg?v=1625850697,https://cdn.shopify.com/s/files/1/0534/2501/2925/products/sky-blue-crinkled-cotton-short-shorts-short-shorts-462658_1200x.jpg?v=1625850697"
Warm Dusk Beige Cotton Flannel Shorts,,"₹3,390","https://cdn.shopify.com/s/files/1/0534/2501/2925/products/warm-dusk-beige-cotton-flannel-shorts-short-shorts-293835_200x.jpg?v=1626083754,https://cdn.shopify.com/s/files/1/0534/2501/2925/products/warm-dusk-beige-cotton-flannel-shorts-short-shorts-293835_300x.jpg?v=1626083754,https://cdn.shopify.com/s/files/1/0534/2501/2925/products/warm-dusk-beige-cotton-flannel-shorts-short-shorts-293835_400x.jpg?v=1626083754,https://cdn.shopify.com/s/files/1/0534/2501/2925/products/warm-dusk-beige-cotton-flannel-shorts-short-shorts-293835_600x.jpg?v=1626083754,https://cdn.shopify.com/s/files/1/0534/2501/2925/products/warm-dusk-beige-cotton-flannel-shorts-short-shorts-293835_800x.jpg?v=1626083754,https://cdn.shopify.com/s/files/1/0534/2501/2925/products/warm-dusk-beige-cotton-flannel-shorts-short-shorts-293835_900x.jpg?v=1626083754,https://cdn.shopify.com/s/files/1/0534/2501/2925/products/warm-dusk-beige-cotton-flannel-shorts-short-shorts-293835_1000x.jpg?v=1626083754,https://cdn.shopify.com/s/files/1/0534/2501/2925/products/warm-dusk-beige-cotton-flannel-shorts-short-shorts-293835_1200x.jpg?v=1626083754"
Mint Green Tie and Dye Bermuda Shorts,,"₹2,970","https://cdn.shopify.com/s/files/1/0534/2501/2925/products/mint-green-tie-dye-bermuda-shorts-bermuda-shorts-662673_200x.jpg?v=1625990180,https://cdn.shopify.com/s/files/1/0534/2501/2925/products/mint-green-tie-dye-bermuda-shorts-bermuda-shorts-662673_300x.jpg?v=1625990180,https://cdn.shopify.com/s/files/1/0534/2501/2925/products/mint-green-tie-dye-bermuda-shorts-bermuda-shorts-662673_400x.jpg?v=1625990180,https://cdn.shopify.com/s/files/1/0534/2501/2925/products/mint-green-tie-dye-bermuda-shorts-bermuda-shorts-662673_600x.jpg?v=1625990180,https://cdn.shopify.com/s/files/1/0534/2501/2925/products/mint-green-tie-dye-bermuda-shorts-bermuda-shorts-662673_800x.jpg?v=1625990180,https://cdn.shopify.com/s/files/1/0534/2501/2925/products/mint-green-tie-dye-bermuda-shorts-bermuda-shorts-662673_900x.jpg?v=1625990180,https://cdn.shopify.com/s/files/1/0534/2501/2925/products/mint-green-tie-dye-bermuda-shorts-bermuda-shorts-662673_1000x.jpg?v=1625990180,https://cdn.shopify.com/s/files/1/0534/2501/2925/products/mint-green-tie-dye-bermuda-shorts-bermuda-shorts-662673_1200x.jpg?v=1625990180"
Red Solid Cotton Short Shorts,,"₹2,460","https://cdn.shopify.com/s/files/1/0534/2501/2925/products/red-solid-cotton-short-shorts-short-shorts-349011_200x.jpg?v=1611250620,https://cdn.shopify.com/s/files/1/0534/2501/2925/products/red-solid-cotton-short-shorts-short-shorts-349011_300x.jpg?v=1611250620,https://cdn.shopify.com/s/files/1/0534/2501/2925/products/red-solid-cotton-short-shorts-short-shorts-349011_400x.jpg?v=1611250620,https://cdn.shopify.com/s/files/1/0534/2501/2925/products/red-solid-cotton-short-shorts-short-shorts-349011_600x.jpg?v=1611250620,https://cdn.shopify.com/s/files/1/0534/2501/2925/products/red-solid-cotton-short-shorts-short-shorts-349011_800x.jpg?v=1611250620,https://cdn.shopify.com/s/files/1/0534/2501/2925/products/red-solid-cotton-short-shorts-short-shorts-349011_900x.jpg?v=1611250620,https://cdn.shopify.com/s/files/1/0534/2501/2925/products/red-solid-cotton-short-shorts-short-shorts-349011_1000x.jpg?v=1611250620,https://cdn.shopify.com/s/files/1/0534/2501/2925/products/red-solid-cotton-short-shorts-short-shorts-349011_1200x.jpg?v=1611250620"
Handspun Brown Flared Shorts,Handspun Handwoven,"₹3,720","https://cdn.shopify.com/s/files/1/0534/2501/2925/products/handspun-brown-flared-shorts-flared-shorts-875565_200x.jpg?v=1626080841,https://cdn.shopify.com/s/files/1/0534/2501/2925/products/handspun-brown-flared-shorts-flared-shorts-875565_300x.jpg?v=1626080841,https://cdn.shopify.com/s/files/1/0534/2501/2925/products/handspun-brown-flared-shorts-flared-shorts-875565_400x.jpg?v=1626080841,https://cdn.shopify.com/s/files/1/0534/2501/2925/products/handspun-brown-flared-shorts-flared-shorts-875565_600x.jpg?v=1626080841,https://cdn.shopify.com/s/files/1/0534/2501/2925/products/handspun-brown-flared-shorts-flared-shorts-875565_800x.jpg?v=1626080841,https://cdn.shopify.com/s/files/1/0534/2501/2925/products/handspun-brown-flared-shorts-flared-shorts-875565_900x.jpg?v=1626080841,https://cdn.shopify.com/s/files/1/0534/2501/2925/products/handspun-brown-flared-shorts-flared-shorts-875565_1000x.jpg?v=1626080841,https://cdn.shopify.com/s/files/1/0534/2501/2925/products/handspun-brown-flared-shorts-flared-shorts-875565_1200x.jpg?v=1626080841"
Teal Blue Low Rise Short Cotton Shorts,,"₹3,140","https://cdn.shopify.com/s/files/1/0534/2501/2925/products/teal-blue-low-rise-short-cotton-shorts-short-shorts-543892_200x.jpg?v=1625993203,https://cdn.shopify.com/s/files/1/0534/2501/2925/products/teal-blue-low-rise-short-cotton-shorts-short-shorts-543892_300x.jpg?v=1625993203,https://cdn.shopify.com/s/files/1/0534/2501/2925/products/teal-blue-low-rise-short-cotton-shorts-short-shorts-543892_400x.jpg?v=1625993203,https://cdn.shopify.com/s/files/1/0534/2501/2925/products/teal-blue-low-rise-short-cotton-shorts-short-shorts-543892_600x.jpg?v=1625993203,https://cdn.shopify.com/s/files/1/0534/2501/2925/products/teal-blue-low-rise-short-cotton-shorts-short-shorts-543892_800x.jpg?v=1625993203,https://cdn.shopify.com/s/files/1/0534/2501/2925/products/teal-blue-low-rise-short-cotton-shorts-short-shorts-543892_900x.jpg?v=1625993203,https://cdn.shopify.com/s/files/1/0534/2501/2925/products/teal-blue-low-rise-short-cotton-shorts-short-shorts-543892_1000x.jpg?v=1625993203,https://cdn.shopify.com/s/files/1/0534/2501/2925/products/teal-blue-low-rise-short-cotton-shorts-short-shorts-543892_1200x.jpg?v=1625993203"
Purple Flannel Convertible Pant Shorts,,"₹4,630","https://cdn.shopify.com/s/files/1/0534/2501/2925/products/purple-flannel-convertible-pant-shorts-pant-shorts-841678_200x.jpg?v=1611242402,https://cdn.shopify.com/s/files/1/0534/2501/2925/products/purple-flannel-convertible-pant-shorts-pant-shorts-841678_300x.jpg?v=1611242402,https://cdn.shopify.com/s/files/1/0534/2501/2925/products/purple-flannel-convertible-pant-shorts-pant-shorts-841678_400x.jpg?v=1611242402,https://cdn.shopify.com/s/files/1/0534/2501/2925/products/purple-flannel-convertible-pant-shorts-pant-shorts-841678_600x.jpg?v=1611242402,https://cdn.shopify.com/s/files/1/0534/2501/2925/products/purple-flannel-convertible-pant-shorts-pant-shorts-841678_800x.jpg?v=1611242402,https://cdn.shopify.com/s/files/1/0534/2501/2925/products/purple-flannel-convertible-pant-shorts-pant-shorts-841678_900x.jpg?v=1611242402,https://cdn.shopify.com/s/files/1/0534/2501/2925/products/purple-flannel-convertible-pant-shorts-pant-shorts-841678_1000x.jpg?v=1611242402,https://cdn.shopify.com/s/files/1/0534/2501/2925/products/purple-flannel-convertible-pant-shorts-pant-shorts-841678_1200x.jpg?v=1611242402"
Breezy Handspun Cotton Checks Shorts,Handspun Handwoven,"₹3,200","https://cdn.shopify.com/s/files/1/0534/2501/2925/products/breezy-handspun-short-shorts-short-shorts-555500_200x.jpg?v=1626172136,https://cdn.shopify.com/s/files/1/0534/2501/2925/products/breezy-handspun-short-shorts-short-shorts-555500_300x.jpg?v=1626172136,https://cdn.shopify.com/s/files/1/0534/2501/2925/products/breezy-handspun-short-shorts-short-shorts-555500_400x.jpg?v=1626172136,https://cdn.shopify.com/s/files/1/0534/2501/2925/products/breezy-handspun-short-shorts-short-shorts-555500_600x.jpg?v=1626172136,https://cdn.shopify.com/s/files/1/0534/2501/2925/products/breezy-handspun-short-shorts-short-shorts-555500_800x.jpg?v=1626172136,https://cdn.shopify.com/s/files/1/0534/2501/2925/products/breezy-handspun-short-shorts-short-shorts-555500_900x.jpg?v=1626172136,https://cdn.shopify.com/s/files/1/0534/2501/2925/products/breezy-handspun-short-shorts-short-shorts-555500_1000x.jpg?v=1626172136,https://cdn.shopify.com/s/files/1/0534/2501/2925/products/breezy-handspun-short-shorts-short-shorts-555500_1200x.jpg?v=1626172136"
Violet Striped Mangalgiri Cotton Shorts,,"₹3,440","https://cdn.shopify.com/s/files/1/0534/2501/2925/products/violet-mangalgiri-cotton-short-shorts-short-shorts-544081_200x.jpg?v=1625991042,https://cdn.shopify.com/s/files/1/0534/2501/2925/products/violet-mangalgiri-cotton-short-shorts-short-shorts-544081_300x.jpg?v=1625991042,https://cdn.shopify.com/s/files/1/0534/2501/2925/products/violet-mangalgiri-cotton-short-shorts-short-shorts-544081_400x.jpg?v=1625991042,https://cdn.shopify.com/s/files/1/0534/2501/2925/products/violet-mangalgiri-cotton-short-shorts-short-shorts-544081_600x.jpg?v=1625991042,https://cdn.shopify.com/s/files/1/0534/2501/2925/products/violet-mangalgiri-cotton-short-shorts-short-shorts-544081_800x.jpg?v=1625991042,https://cdn.shopify.com/s/files/1/0534/2501/2925/products/violet-mangalgiri-cotton-short-shorts-short-shorts-544081_900x.jpg?v=1625991042,https://cdn.shopify.com/s/files/1/0534/2501/2925/products/violet-mangalgiri-cotton-short-shorts-short-shorts-544081_1000x.jpg?v=1625991042,https://cdn.shopify.com/s/files/1/0534/2501/2925/products/violet-mangalgiri-cotton-short-shorts-short-shorts-544081_1200x.jpg?v=1625991042"
Navy Blue Striped Paneled Shorts,,"₹2,580","https://cdn.shopify.com/s/files/1/0534/2501/2925/products/navy-blue-striped-paneled-shorts-paneled-shorts-643629_200x.jpg?v=1611241305,https://cdn.shopify.com/s/files/1/0534/2501/2925/products/navy-blue-striped-paneled-shorts-paneled-shorts-643629_300x.jpg?v=1611241305,https://cdn.shopify.com/s/files/1/0534/2501/2925/products/navy-blue-striped-paneled-shorts-paneled-shorts-643629_400x.jpg?v=1611241305,https://cdn.shopify.com/s/files/1/0534/2501/2925/products/navy-blue-striped-paneled-shorts-paneled-shorts-643629_600x.jpg?v=1611241305,https://cdn.shopify.com/s/files/1/0534/2501/2925/products/navy-blue-striped-paneled-shorts-paneled-shorts-643629_800x.jpg?v=1611241305,https://cdn.shopify.com/s/files/1/0534/2501/2925/products/navy-blue-striped-paneled-shorts-paneled-shorts-643629_900x.jpg?v=1611241305,https://cdn.shopify.com/s/files/1/0534/2501/2925/products/navy-blue-striped-paneled-shorts-paneled-shorts-643629_1000x.jpg?v=1611241305,https://cdn.shopify.com/s/files/1/0534/2501/2925/products/navy-blue-striped-paneled-shorts-paneled-shorts-643629_1200x.jpg?v=1611241305"
Teal Blue Comfort Fit Short Shorts,,"₹1,900","https://cdn.shopify.com/s/files/1/0534/2501/2925/products/teal-blue-comfort-fit-short-shorts-short-shorts-293275_200x.jpg?v=1611244484,https://cdn.shopify.com/s/files/1/0534/2501/2925/products/teal-blue-comfort-fit-short-shorts-short-shorts-293275_300x.jpg?v=1611244484,https://cdn.shopify.com/s/files/1/0534/2501/2925/products/teal-blue-comfort-fit-short-shorts-short-shorts-293275_400x.jpg?v=1611244484,https://cdn.shopify.com/s/files/1/0534/2501/2925/products/teal-blue-comfort-fit-short-shorts-short-shorts-293275_600x.jpg?v=1611244484,https://cdn.shopify.com/s/files/1/0534/2501/2925/products/teal-blue-comfort-fit-short-shorts-short-shorts-293275_800x.jpg?v=1611244484,https://cdn.shopify.com/s/files/1/0534/2501/2925/products/teal-blue-comfort-fit-short-shorts-short-shorts-293275_900x.jpg?v=1611244484,https://cdn.shopify.com/s/files/1/0534/2501/2925/products/teal-blue-comfort-fit-short-shorts-short-shorts-293275_1000x.jpg?v=1611244484,https://cdn.shopify.com/s/files/1/0534/2501/2925/products/teal-blue-comfort-fit-short-shorts-short-shorts-293275_1200x.jpg?v=1611244484"
Pink Flannel Convertible Pant Shorts,,"₹4,630","https://cdn.shopify.com/s/files/1/0534/2501/2925/products/convertible-pink-flannel-pant-shorts-straight-shorts-350128_200x.jpg?v=1625989303,https://cdn.shopify.com/s/files/1/0534/2501/2925/products/convertible-pink-flannel-pant-shorts-straight-shorts-350128_300x.jpg?v=1625989303,https://cdn.shopify.com/s/files/1/0534/2501/2925/products/convertible-pink-flannel-pant-shorts-straight-shorts-350128_400x.jpg?v=1625989303,https://cdn.shopify.com/s/files/1/0534/2501/2925/products/convertible-pink-flannel-pant-shorts-straight-shorts-350128_600x.jpg?v=1625989303,https://cdn.shopify.com/s/files/1/0534/2501/2925/products/convertible-pink-flannel-pant-shorts-straight-shorts-350128_800x.jpg?v=1625989303,https://cdn.shopify.com/s/files/1/0534/2501/2925/products/convertible-pink-flannel-pant-shorts-straight-shorts-350128_900x.jpg?v=1625989303,https://cdn.shopify.com/s/files/1/0534/2501/2925/products/convertible-pink-flannel-pant-shorts-straight-shorts-350128_1000x.jpg?v=1625989303,https://cdn.shopify.com/s/files/1/0534/2501/2925/products/convertible-pink-flannel-pant-shorts-straight-shorts-350128_1200x.jpg?v=1625989303"
White Short Crinkled Cotton Shorts,,"₹4,000","https://cdn.shopify.com/s/files/1/0534/2501/2925/products/white-short-crinkled-cotton-shorts-short-shorts-166598_200x.jpg?v=1625993784,https://cdn.shopify.com/s/files/1/0534/2501/2925/products/white-short-crinkled-cotton-shorts-short-shorts-166598_300x.jpg?v=1625993784,https://cdn.shopify.com/s/files/1/0534/2501/2925/products/white-short-crinkled-cotton-shorts-short-shorts-166598_400x.jpg?v=1625993784,https://cdn.shopify.com/s/files/1/0534/2501/2925/products/white-short-crinkled-cotton-shorts-short-shorts-166598_600x.jpg?v=1625993784,https://cdn.shopify.com/s/files/1/0534/2501/2925/products/white-short-crinkled-cotton-shorts-short-shorts-166598_800x.jpg?v=1625993784,https://cdn.shopify.com/s/files/1/0534/2501/2925/products/white-short-crinkled-cotton-shorts-short-shorts-166598_900x.jpg?v=1625993784,https://cdn.shopify.com/s/files/1/0534/2501/2925/products/white-short-crinkled-cotton-shorts-short-shorts-166598_1000x.jpg?v=1625993784,https://cdn.shopify.com/s/files/1/0534/2501/2925/products/white-short-crinkled-cotton-shorts-short-shorts-166598_1200x.jpg?v=1625993784"
Khaki Vegetable Dyed Handspun Short Shorts,Handspun Handwoven,"₹4,670","https://cdn.shopify.com/s/files/1/0534/2501/2925/products/khakhi-vegetable-dyed-handspun-short-shorts-short-shorts-974820_200x.jpg?v=1626083172,https://cdn.shopify.com/s/files/1/0534/2501/2925/products/khakhi-vegetable-dyed-handspun-short-shorts-short-shorts-974820_300x.jpg?v=1626083172,https://cdn.shopify.com/s/files/1/0534/2501/2925/products/khakhi-vegetable-dyed-handspun-short-shorts-short-shorts-974820_400x.jpg?v=1626083172,https://cdn.shopify.com/s/files/1/0534/2501/2925/products/khakhi-vegetable-dyed-handspun-short-shorts-short-shorts-974820_600x.jpg?v=1626083172,https://cdn.shopify.com/s/files/1/0534/2501/2925/products/khakhi-vegetable-dyed-handspun-short-shorts-short-shorts-974820_800x.jpg?v=1626083172,https://cdn.shopify.com/s/files/1/0534/2501/2925/products/khakhi-vegetable-dyed-handspun-short-shorts-short-shorts-974820_900x.jpg?v=1626083172,https://cdn.shopify.com/s/files/1/0534/2501/2925/products/khakhi-vegetable-dyed-handspun-short-shorts-short-shorts-974820_1000x.jpg?v=1626083172,https://cdn.shopify.com/s/files/1/0534/2501/2925/products/khakhi-vegetable-dyed-handspun-short-shorts-short-shorts-974820_1200x.jpg?v=1626083172"
White Mid Rise Paisley Short Shorts,,"₹3,800","https://cdn.shopify.com/s/files/1/0534/2501/2925/products/white-handblock-printed-paisley-short-shorts-short-shorts-554380_200x.jpg?v=1626371001,https://cdn.shopify.com/s/files/1/0534/2501/2925/products/white-handblock-printed-paisley-short-shorts-short-shorts-554380_300x.jpg?v=1626371001,https://cdn.shopify.com/s/files/1/0534/2501/2925/products/white-handblock-printed-paisley-short-shorts-short-shorts-554380_400x.jpg?v=1626371001,https://cdn.shopify.com/s/files/1/0534/2501/2925/products/white-handblock-printed-paisley-short-shorts-short-shorts-554380_600x.jpg?v=1626371001,https://cdn.shopify.com/s/files/1/0534/2501/2925/products/white-handblock-printed-paisley-short-shorts-short-shorts-554380_800x.jpg?v=1626371001,https://cdn.shopify.com/s/files/1/0534/2501/2925/products/white-handblock-printed-paisley-short-shorts-short-shorts-554380_900x.jpg?v=1626371001,https://cdn.shopify.com/s/files/1/0534/2501/2925/products/white-handblock-printed-paisley-short-shorts-short-shorts-554380_1000x.jpg?v=1626371001,https://cdn.shopify.com/s/files/1/0534/2501/2925/products/white-handblock-printed-paisley-short-shorts-short-shorts-554380_1200x.jpg?v=1626371001"
Natural Dyed Mid Rise Dabu Printed Shorts,,"₹2,820","https://cdn.shopify.com/s/files/1/0534/2501/2925/products/dabu-indigo-short-shorts-short-shorts-799415_200x.jpg?v=1626084919,https://cdn.shopify.com/s/files/1/0534/2501/2925/products/dabu-indigo-short-shorts-short-shorts-799415_300x.jpg?v=1626084919,https://cdn.shopify.com/s/files/1/0534/2501/2925/products/dabu-indigo-short-shorts-short-shorts-799415_400x.jpg?v=1626084919,https://cdn.shopify.com/s/files/1/0534/2501/2925/products/dabu-indigo-short-shorts-short-shorts-799415_600x.jpg?v=1626084919,https://cdn.shopify.com/s/files/1/0534/2501/2925/products/dabu-indigo-short-shorts-short-shorts-799415_800x.jpg?v=1626084919,https://cdn.shopify.com/s/files/1/0534/2501/2925/products/dabu-indigo-short-shorts-short-shorts-799415_900x.jpg?v=1626084919,https://cdn.shopify.com/s/files/1/0534/2501/2925/products/dabu-indigo-short-shorts-short-shorts-799415_1000x.jpg?v=1626084919,https://cdn.shopify.com/s/files/1/0534/2501/2925/products/dabu-indigo-short-shorts-short-shorts-799415_1200x.jpg?v=1626084919"
Vegetable Dyed Off-White Paneled Shorts,Handspun Handwoven,"₹3,940","https://cdn.shopify.com/s/files/1/0534/2501/2925/products/vegetable-dyed-off-white-paneled-shorts-paneled-shorts-297253_200x.jpg?v=1626283687,https://cdn.shopify.com/s/files/1/0534/2501/2925/products/vegetable-dyed-off-white-paneled-shorts-paneled-shorts-297253_300x.jpg?v=1626283687,https://cdn.shopify.com/s/files/1/0534/2501/2925/products/vegetable-dyed-off-white-paneled-shorts-paneled-shorts-297253_400x.jpg?v=1626283687,https://cdn.shopify.com/s/files/1/0534/2501/2925/products/vegetable-dyed-off-white-paneled-shorts-paneled-shorts-297253_600x.jpg?v=1626283687,https://cdn.shopify.com/s/files/1/0534/2501/2925/products/vegetable-dyed-off-white-paneled-shorts-paneled-shorts-297253_800x.jpg?v=1626283687,https://cdn.shopify.com/s/files/1/0534/2501/2925/products/vegetable-dyed-off-white-paneled-shorts-paneled-shorts-297253_900x.jpg?v=1626283687,https://cdn.shopify.com/s/files/1/0534/2501/2925/products/vegetable-dyed-off-white-paneled-shorts-paneled-shorts-297253_1000x.jpg?v=1626283687,https://cdn.shopify.com/s/files/1/0534/2501/2925/products/vegetable-dyed-off-white-paneled-shorts-paneled-shorts-297253_1200x.jpg?v=1626283687"
Powder Blue Checkered Handspun Shorts,Handspun Handwoven,"₹4,840","https://cdn.shopify.com/s/files/1/0534/2501/2925/products/powder-blue-checkered-handspun-shorts-straight-shorts-240981_200x.jpg?v=1625992472,https://cdn.shopify.com/s/files/1/0534/2501/2925/products/powder-blue-checkered-handspun-shorts-straight-shorts-240981_300x.jpg?v=1625992472,https://cdn.shopify.com/s/files/1/0534/2501/2925/products/powder-blue-checkered-handspun-shorts-straight-shorts-240981_400x.jpg?v=1625992472,https://cdn.shopify.com/s/files/1/0534/2501/2925/products/powder-blue-checkered-handspun-shorts-straight-shorts-240981_600x.jpg?v=1625992472,https://cdn.shopify.com/s/files/1/0534/2501/2925/products/powder-blue-checkered-handspun-shorts-straight-shorts-240981_800x.jpg?v=1625992472,https://cdn.shopify.com/s/files/1/0534/2501/2925/products/powder-blue-checkered-handspun-shorts-straight-shorts-240981_900x.jpg?v=1625992472,https://cdn.shopify.com/s/files/1/0534/2501/2925/products/powder-blue-checkered-handspun-shorts-straight-shorts-240981_1000x.jpg?v=1625992472,https://cdn.shopify.com/s/files/1/0534/2501/2925/products/powder-blue-checkered-handspun-shorts-straight-shorts-240981_1200x.jpg?v=1625992472"
Aqua Blue Hand Tie Dyed Short Shorts,,"₹3,390","https://cdn.shopify.com/s/files/1/0534/2501/2925/products/aqua-blue-tie-dye-short-shorts-short-shorts-570714_200x.jpg?v=1626187030,https://cdn.shopify.com/s/files/1/0534/2501/2925/products/aqua-blue-tie-dye-short-shorts-short-shorts-570714_300x.jpg?v=1626187030,https://cdn.shopify.com/s/files/1/0534/2501/2925/products/aqua-blue-tie-dye-short-shorts-short-shorts-570714_400x.jpg?v=1626187030,https://cdn.shopify.com/s/files/1/0534/2501/2925/products/aqua-blue-tie-dye-short-shorts-short-shorts-570714_600x.jpg?v=1626187030,https://cdn.shopify.com/s/files/1/0534/2501/2925/products/aqua-blue-tie-dye-short-shorts-short-shorts-570714_800x.jpg?v=1626187030,https://cdn.shopify.com/s/files/1/0534/2501/2925/products/aqua-blue-tie-dye-short-shorts-short-shorts-570714_900x.jpg?v=1626187030,https://cdn.shopify.com/s/files/1/0534/2501/2925/products/aqua-blue-tie-dye-short-shorts-short-shorts-570714_1000x.jpg?v=1626187030,https://cdn.shopify.com/s/files/1/0534/2501/2925/products/aqua-blue-tie-dye-short-shorts-short-shorts-570714_1200x.jpg?v=1626187030"
Sage Green Cotton Corduroy Baggy Shorts,Cotton Corduroy,"₹3,200","https://cdn.shopify.com/s/files/1/0534/2501/2925/products/sage-green-cotton-corduroy-baggy-shorts-baggy-shorts-734767_200x.jpg?v=1625844335,https://cdn.shopify.com/s/files/1/0534/2501/2925/products/sage-green-cotton-corduroy-baggy-shorts-baggy-shorts-734767_300x.jpg?v=1625844335,https://cdn.shopify.com/s/files/1/0534/2501/2925/products/sage-green-cotton-corduroy-baggy-shorts-baggy-shorts-734767_400x.jpg?v=1625844335,https://cdn.shopify.com/s/files/1/0534/2501/2925/products/sage-green-cotton-corduroy-baggy-shorts-baggy-shorts-734767_600x.jpg?v=1625844335,https://cdn.shopify.com/s/files/1/0534/2501/2925/products/sage-green-cotton-corduroy-baggy-shorts-baggy-shorts-734767_800x.jpg?v=1625844335,https://cdn.shopify.com/s/files/1/0534/2501/2925/products/sage-green-cotton-corduroy-baggy-shorts-baggy-shorts-734767_900x.jpg?v=1625844335,https://cdn.shopify.com/s/files/1/0534/2501/2925/products/sage-green-cotton-corduroy-baggy-shorts-baggy-shorts-734767_1000x.jpg?v=1625844335,https://cdn.shopify.com/s/files/1/0534/2501/2925/products/sage-green-cotton-corduroy-baggy-shorts-baggy-shorts-734767_1200x.jpg?v=1625844335"
Indigo Cotton Denim Paneled Shorts,Hand Embroidered,"₹3,400","https://cdn.shopify.com/s/files/1/0534/2501/2925/products/indigo-cotton-denim-paneled-shorts-paneled-shorts-618394_200x.jpg?v=1611240888,https://cdn.shopify.com/s/files/1/0534/2501/2925/products/indigo-cotton-denim-paneled-shorts-paneled-shorts-618394_300x.jpg?v=1611240888,https://cdn.shopify.com/s/files/1/0534/2501/2925/products/indigo-cotton-denim-paneled-shorts-paneled-shorts-618394_400x.jpg?v=1611240888,https://cdn.shopify.com/s/files/1/0534/2501/2925/products/indigo-cotton-denim-paneled-shorts-paneled-shorts-618394_600x.jpg?v=1611240888,https://cdn.shopify.com/s/files/1/0534/2501/2925/products/indigo-cotton-denim-paneled-shorts-paneled-shorts-618394_800x.jpg?v=1611240888,https://cdn.shopify.com/s/files/1/0534/2501/2925/products/indigo-cotton-denim-paneled-shorts-paneled-shorts-618394_900x.jpg?v=1611240888,https://cdn.shopify.com/s/files/1/0534/2501/2925/products/indigo-cotton-denim-paneled-shorts-paneled-shorts-618394_1000x.jpg?v=1611240888,https://cdn.shopify.com/s/files/1/0534/2501/2925/products/indigo-cotton-denim-paneled-shorts-paneled-shorts-618394_1200x.jpg?v=1611240888"
Musturd Gold Handspun 100% Cotton Short Shorts,Handspun Handwoven,"₹2,520","https://cdn.shopify.com/s/files/1/0534/2501/2925/products/musturd-gold-100-cotton-khadi-short-shorts-short-shorts-677556_200x.jpg?v=1630997461,https://cdn.shopify.com/s/files/1/0534/2501/2925/products/musturd-gold-100-cotton-khadi-short-shorts-short-shorts-677556_300x.jpg?v=1630997461,https://cdn.shopify.com/s/files/1/0534/2501/2925/products/musturd-gold-100-cotton-khadi-short-shorts-short-shorts-677556_400x.jpg?v=1630997461,https://cdn.shopify.com/s/files/1/0534/2501/2925/products/musturd-gold-100-cotton-khadi-short-shorts-short-shorts-677556_600x.jpg?v=1630997461,https://cdn.shopify.com/s/files/1/0534/2501/2925/products/musturd-gold-100-cotton-khadi-short-shorts-short-shorts-677556_800x.jpg?v=1630997461,https://cdn.shopify.com/s/files/1/0534/2501/2925/products/musturd-gold-100-cotton-khadi-short-shorts-short-shorts-677556_900x.jpg?v=1630997461,https://cdn.shopify.com/s/files/1/0534/2501/2925/products/musturd-gold-100-cotton-khadi-short-shorts-short-shorts-677556_1000x.jpg?v=1630997461,https://cdn.shopify.com/s/files/1/0534/2501/2925/products/musturd-gold-100-cotton-khadi-short-shorts-short-shorts-677556_1200x.jpg?v=1630997461"
Beige Kalamkari Comfort Fit Shorts,,"₹2,630","https://cdn.shopify.com/s/files/1/0534/2501/2925/products/beige-kalamkari-curved-hem-shorts-curved-hem-shorts-541711_200x.jpg?v=1625847179,https://cdn.shopify.com/s/files/1/0534/2501/2925/products/beige-kalamkari-curved-hem-shorts-curved-hem-shorts-541711_300x.jpg?v=1625847179,https://cdn.shopify.com/s/files/1/0534/2501/2925/products/beige-kalamkari-curved-hem-shorts-curved-hem-shorts-541711_400x.jpg?v=1625847179,https://cdn.shopify.com/s/files/1/0534/2501/2925/products/beige-kalamkari-curved-hem-shorts-curved-hem-shorts-541711_600x.jpg?v=1625847179,https://cdn.shopify.com/s/files/1/0534/2501/2925/products/beige-kalamkari-curved-hem-shorts-curved-hem-shorts-541711_800x.jpg?v=1625847179,https://cdn.shopify.com/s/files/1/0534/2501/2925/products/beige-kalamkari-curved-hem-shorts-curved-hem-shorts-541711_900x.jpg?v=1625847179,https://cdn.shopify.com/s/files/1/0534/2501/2925/products/beige-kalamkari-curved-hem-shorts-curved-hem-shorts-541711_1000x.jpg?v=1625847179,https://cdn.shopify.com/s/files/1/0534/2501/2925/products/beige-kalamkari-curved-hem-shorts-curved-hem-shorts-541711_1200x.jpg?v=1625847179"
Vintage Plum Handspun 100% Cotton Short Shorts,Handspun Handwoven,"₹2,520","https://cdn.shopify.com/s/files/1/0534/2501/2925/products/vintage-plum-100-cotton-khadi-short-shorts-short-shorts-315436_200x.jpg?v=1630997464,https://cdn.shopify.com/s/files/1/0534/2501/2925/products/vintage-plum-100-cotton-khadi-short-shorts-short-shorts-315436_300x.jpg?v=1630997464,https://cdn.shopify.com/s/files/1/0534/2501/2925/products/vintage-plum-100-cotton-khadi-short-shorts-short-shorts-315436_400x.jpg?v=1630997464,https://cdn.shopify.com/s/files/1/0534/2501/2925/products/vintage-plum-100-cotton-khadi-short-shorts-short-shorts-315436_600x.jpg?v=1630997464,https://cdn.shopify.com/s/files/1/0534/2501/2925/products/vintage-plum-100-cotton-khadi-short-shorts-short-shorts-315436_800x.jpg?v=1630997464,https://cdn.shopify.com/s/files/1/0534/2501/2925/products/vintage-plum-100-cotton-khadi-short-shorts-short-shorts-315436_900x.jpg?v=1630997464,https://cdn.shopify.com/s/files/1/0534/2501/2925/products/vintage-plum-100-cotton-khadi-short-shorts-short-shorts-315436_1000x.jpg?v=1630997464,https://cdn.shopify.com/s/files/1/0534/2501/2925/products/vintage-plum-100-cotton-khadi-short-shorts-short-shorts-315436_1200x.jpg?v=1630997464"
Blue Vegetable Dyed Straight Fit Shorts,Handspun Handwoven,"₹4,020","https://cdn.shopify.com/s/files/1/0534/2501/2925/products/blue-vegetable-dyed-straight-fit-shorts-straight-shorts-990368_200x.jpg?v=1625850728,https://cdn.shopify.com/s/files/1/0534/2501/2925/products/blue-vegetable-dyed-straight-fit-shorts-straight-shorts-990368_300x.jpg?v=1625850728,https://cdn.shopify.com/s/files/1/0534/2501/2925/products/blue-vegetable-dyed-straight-fit-shorts-straight-shorts-990368_400x.jpg?v=1625850728,https://cdn.shopify.com/s/files/1/0534/2501/2925/products/blue-vegetable-dyed-straight-fit-shorts-straight-shorts-990368_600x.jpg?v=1625850728,https://cdn.shopify.com/s/files/1/0534/2501/2925/products/blue-vegetable-dyed-straight-fit-shorts-straight-shorts-990368_800x.jpg?v=1625850728,https://cdn.shopify.com/s/files/1/0534/2501/2925/products/blue-vegetable-dyed-straight-fit-shorts-straight-shorts-990368_900x.jpg?v=1625850728,https://cdn.shopify.com/s/files/1/0534/2501/2925/products/blue-vegetable-dyed-straight-fit-shorts-straight-shorts-990368_1000x.jpg?v=1625850728,https://cdn.shopify.com/s/files/1/0534/2501/2925/products/blue-vegetable-dyed-straight-fit-shorts-straight-shorts-990368_1200x.jpg?v=1625850728"
Dusk Beige Cotton Corduroy Baggy Shorts,Cotton Corduroy,"₹3,200","https://cdn.shopify.com/s/files/1/0534/2501/2925/products/dusk-beige-cotton-corduroy-baggy-shorts-baggy-shorts-687982_200x.jpg?v=1625992953,https://cdn.shopify.com/s/files/1/0534/2501/2925/products/dusk-beige-cotton-corduroy-baggy-shorts-baggy-shorts-687982_300x.jpg?v=1625992953,https://cdn.shopify.com/s/files/1/0534/2501/2925/products/dusk-beige-cotton-corduroy-baggy-shorts-baggy-shorts-687982_400x.jpg?v=1625992953,https://cdn.shopify.com/s/files/1/0534/2501/2925/products/dusk-beige-cotton-corduroy-baggy-shorts-baggy-shorts-687982_600x.jpg?v=1625992953,https://cdn.shopify.com/s/files/1/0534/2501/2925/products/dusk-beige-cotton-corduroy-baggy-shorts-baggy-shorts-687982_800x.jpg?v=1625992953,https://cdn.shopify.com/s/files/1/0534/2501/2925/products/dusk-beige-cotton-corduroy-baggy-shorts-baggy-shorts-687982_900x.jpg?v=1625992953,https://cdn.shopify.com/s/files/1/0534/2501/2925/products/dusk-beige-cotton-corduroy-baggy-shorts-baggy-shorts-687982_1000x.jpg?v=1625992953,https://cdn.shopify.com/s/files/1/0534/2501/2925/products/dusk-beige-cotton-corduroy-baggy-shorts-baggy-shorts-687982_1200x.jpg?v=1625992953"
Beige Dabu Print Cotton Flared Shorts,,"₹3,390","https://cdn.shopify.com/s/files/1/0534/2501/2925/products/beige-dabu-print-cotton-flared-shorts-flared-shorts-131156_200x.jpg?v=1625847290,https://cdn.shopify.com/s/files/1/0534/2501/2925/products/beige-dabu-print-cotton-flared-shorts-flared-shorts-131156_300x.jpg?v=1625847290,https://cdn.shopify.com/s/files/1/0534/2501/2925/products/beige-dabu-print-cotton-flared-shorts-flared-shorts-131156_400x.jpg?v=1625847290,https://cdn.shopify.com/s/files/1/0534/2501/2925/products/beige-dabu-print-cotton-flared-shorts-flared-shorts-131156_600x.jpg?v=1625847290,https://cdn.shopify.com/s/files/1/0534/2501/2925/products/beige-dabu-print-cotton-flared-shorts-flared-shorts-131156_800x.jpg?v=1625847290,https://cdn.shopify.com/s/files/1/0534/2501/2925/products/beige-dabu-print-cotton-flared-shorts-flared-shorts-131156_900x.jpg?v=1625847290,https://cdn.shopify.com/s/files/1/0534/2501/2925/products/beige-dabu-print-cotton-flared-shorts-flared-shorts-131156_1000x.jpg?v=1625847290,https://cdn.shopify.com/s/files/1/0534/2501/2925/products/beige-dabu-print-cotton-flared-shorts-flared-shorts-131156_1200x.jpg?v=1625847290"
Striped Handwoven Flared Godet Shorts,,"₹4,180","https://cdn.shopify.com/s/files/1/0534/2501/2925/products/striped-handwoven-flared-godet-shorts-godet-shorts-546514_200x.jpg?v=1625990161,https://cdn.shopify.com/s/files/1/0534/2501/2925/products/striped-handwoven-flared-godet-shorts-godet-shorts-546514_300x.jpg?v=1625990161,https://cdn.shopify.com/s/files/1/0534/2501/2925/products/striped-handwoven-flared-godet-shorts-godet-shorts-546514_400x.jpg?v=1625990161,https://cdn.shopify.com/s/files/1/0534/2501/2925/products/striped-handwoven-flared-godet-shorts-godet-shorts-546514_600x.jpg?v=1625990161,https://cdn.shopify.com/s/files/1/0534/2501/2925/products/striped-handwoven-flared-godet-shorts-godet-shorts-546514_800x.jpg?v=1625990161,https://cdn.shopify.com/s/files/1/0534/2501/2925/products/striped-handwoven-flared-godet-shorts-godet-shorts-546514_900x.jpg?v=1625990161,https://cdn.shopify.com/s/files/1/0534/2501/2925/products/striped-handwoven-flared-godet-shorts-godet-shorts-546514_1000x.jpg?v=1625990161,https://cdn.shopify.com/s/files/1/0534/2501/2925/products/striped-handwoven-flared-godet-shorts-godet-shorts-546514_1200x.jpg?v=1625990161"
Mauve Cotton Corduroy Baggy Shorts,Cotton Corduroy,"₹3,200","https://cdn.shopify.com/s/files/1/0534/2501/2925/products/mauve-cotton-corduroy-baggy-shorts-baggy-shorts-831988_200x.jpg?v=1625990578,https://cdn.shopify.com/s/files/1/0534/2501/2925/products/mauve-cotton-corduroy-baggy-shorts-baggy-shorts-831988_300x.jpg?v=1625990578,https://cdn.shopify.com/s/files/1/0534/2501/2925/products/mauve-cotton-corduroy-baggy-shorts-baggy-shorts-831988_400x.jpg?v=1625990578,https://cdn.shopify.com/s/files/1/0534/2501/2925/products/mauve-cotton-corduroy-baggy-shorts-baggy-shorts-831988_600x.jpg?v=1625990578,https://cdn.shopify.com/s/files/1/0534/2501/2925/products/mauve-cotton-corduroy-baggy-shorts-baggy-shorts-831988_800x.jpg?v=1625990578,https://cdn.shopify.com/s/files/1/0534/2501/2925/products/mauve-cotton-corduroy-baggy-shorts-baggy-shorts-831988_900x.jpg?v=1625990578,https://cdn.shopify.com/s/files/1/0534/2501/2925/products/mauve-cotton-corduroy-baggy-shorts-baggy-shorts-831988_1000x.jpg?v=1625990578,https://cdn.shopify.com/s/files/1/0534/2501/2925/products/mauve-cotton-corduroy-baggy-shorts-baggy-shorts-831988_1200x.jpg?v=1625990578"
Block Printed Mid-Rise Elasticated Shorts,,"₹3,690","https://cdn.shopify.com/s/files/1/0534/2501/2925/products/straight-fit-belted-short-shorts-short-short-182816_200x.jpg?v=1625849414,https://cdn.shopify.com/s/files/1/0534/2501/2925/products/straight-fit-belted-short-shorts-short-short-182816_300x.jpg?v=1625849414,https://cdn.shopify.com/s/files/1/0534/2501/2925/products/straight-fit-belted-short-shorts-short-short-182816_400x.jpg?v=1625849414,https://cdn.shopify.com/s/files/1/0534/2501/2925/products/straight-fit-belted-short-shorts-short-short-182816_600x.jpg?v=1625849414,https://cdn.shopify.com/s/files/1/0534/2501/2925/products/straight-fit-belted-short-shorts-short-short-182816_800x.jpg?v=1625849414,https://cdn.shopify.com/s/files/1/0534/2501/2925/products/straight-fit-belted-short-shorts-short-short-182816_900x.jpg?v=1625849414,https://cdn.shopify.com/s/files/1/0534/2501/2925/products/straight-fit-belted-short-shorts-short-short-182816_1000x.jpg?v=1625849414,https://cdn.shopify.com/s/files/1/0534/2501/2925/products/straight-fit-belted-short-shorts-short-short-182816_1200x.jpg?v=1625849414"
Black Elasticated Short Cotton Boxers,,"₹2,140","https://cdn.shopify.com/s/files/1/0534/2501/2925/products/black-elasticated-short-boxers-short-shorts-815542_200x.jpg?v=1625848026,https://cdn.shopify.com/s/files/1/0534/2501/2925/products/black-elasticated-short-boxers-short-shorts-815542_300x.jpg?v=1625848026,https://cdn.shopify.com/s/files/1/0534/2501/2925/products/black-elasticated-short-boxers-short-shorts-815542_400x.jpg?v=1625848026,https://cdn.shopify.com/s/files/1/0534/2501/2925/products/black-elasticated-short-boxers-short-shorts-815542_600x.jpg?v=1625848026,https://cdn.shopify.com/s/files/1/0534/2501/2925/products/black-elasticated-short-boxers-short-shorts-815542_800x.jpg?v=1625848026,https://cdn.shopify.com/s/files/1/0534/2501/2925/products/black-elasticated-short-boxers-short-shorts-815542_900x.jpg?v=1625848026,https://cdn.shopify.com/s/files/1/0534/2501/2925/products/black-elasticated-short-boxers-short-shorts-815542_1000x.jpg?v=1625848026,https://cdn.shopify.com/s/files/1/0534/2501/2925/products/black-elasticated-short-boxers-short-shorts-815542_1200x.jpg?v=1625848026"
Melon Orange Handspun Mirror Work Shorts,Handspun Handwoven,"₹2,610","https://cdn.shopify.com/s/files/1/0534/2501/2925/products/melon-orange-handspun-mirror-work-shorts-straight-shorts-593333_200x.jpg?v=1626279953,https://cdn.shopify.com/s/files/1/0534/2501/2925/products/melon-orange-handspun-mirror-work-shorts-straight-shorts-593333_300x.jpg?v=1626279953,https://cdn.shopify.com/s/files/1/0534/2501/2925/products/melon-orange-handspun-mirror-work-shorts-straight-shorts-593333_400x.jpg?v=1626279953,https://cdn.shopify.com/s/files/1/0534/2501/2925/products/melon-orange-handspun-mirror-work-shorts-straight-shorts-593333_600x.jpg?v=1626279953,https://cdn.shopify.com/s/files/1/0534/2501/2925/products/melon-orange-handspun-mirror-work-shorts-straight-shorts-593333_800x.jpg?v=1626279953,https://cdn.shopify.com/s/files/1/0534/2501/2925/products/melon-orange-handspun-mirror-work-shorts-straight-shorts-593333_900x.jpg?v=1626279953,https://cdn.shopify.com/s/files/1/0534/2501/2925/products/melon-orange-handspun-mirror-work-shorts-straight-shorts-593333_1000x.jpg?v=1626279953,https://cdn.shopify.com/s/files/1/0534/2501/2925/products/melon-orange-handspun-mirror-work-shorts-straight-shorts-593333_1200x.jpg?v=1626279953"
Ash Grey Flannel Convertible Pant Shorts,,"₹4,630","https://cdn.shopify.com/s/files/1/0534/2501/2925/products/ash-grey-flannel-convertible-pant-shorts-pant-shorts-251847_200x.jpg?v=1611242357,https://cdn.shopify.com/s/files/1/0534/2501/2925/products/ash-grey-flannel-convertible-pant-shorts-pant-shorts-251847_300x.jpg?v=1611242357,https://cdn.shopify.com/s/files/1/0534/2501/2925/products/ash-grey-flannel-convertible-pant-shorts-pant-shorts-251847_400x.jpg?v=1611242357,https://cdn.shopify.com/s/files/1/0534/2501/2925/products/ash-grey-flannel-convertible-pant-shorts-pant-shorts-251847_600x.jpg?v=1611242357,https://cdn.shopify.com/s/files/1/0534/2501/2925/products/ash-grey-flannel-convertible-pant-shorts-pant-shorts-251847_800x.jpg?v=1611242357,https://cdn.shopify.com/s/files/1/0534/2501/2925/products/ash-grey-flannel-convertible-pant-shorts-pant-shorts-251847_900x.jpg?v=1611242357,https://cdn.shopify.com/s/files/1/0534/2501/2925/products/ash-grey-flannel-convertible-pant-shorts-pant-shorts-251847_1000x.jpg?v=1611242357,https://cdn.shopify.com/s/files/1/0534/2501/2925/products/ash-grey-flannel-convertible-pant-shorts-pant-shorts-251847_1200x.jpg?v=1611242357"
Brick Red Block Print Floral Hot Pants,,"₹2,760","https://cdn.shopify.com/s/files/1/0534/2501/2925/products/brick-red-mid-rise-hot-pants-hot-pants-shorts-731406_200x.jpg?v=1626171553,https://cdn.shopify.com/s/files/1/0534/2501/2925/products/brick-red-mid-rise-hot-pants-hot-pants-shorts-731406_300x.jpg?v=1626171553,https://cdn.shopify.com/s/files/1/0534/2501/2925/products/brick-red-mid-rise-hot-pants-hot-pants-shorts-731406_400x.jpg?v=1626171553,https://cdn.shopify.com/s/files/1/0534/2501/2925/products/brick-red-mid-rise-hot-pants-hot-pants-shorts-731406_600x.jpg?v=1626171553,https://cdn.shopify.com/s/files/1/0534/2501/2925/products/brick-red-mid-rise-hot-pants-hot-pants-shorts-731406_800x.jpg?v=1626171553,https://cdn.shopify.com/s/files/1/0534/2501/2925/products/brick-red-mid-rise-hot-pants-hot-pants-shorts-731406_900x.jpg?v=1626171553,https://cdn.shopify.com/s/files/1/0534/2501/2925/products/brick-red-mid-rise-hot-pants-hot-pants-shorts-731406_1000x.jpg?v=1626171553,https://cdn.shopify.com/s/files/1/0534/2501/2925/products/brick-red-mid-rise-hot-pants-hot-pants-shorts-731406_1200x.jpg?v=1626171553"
Olive Green Solid Cotton Short Shorts,,"₹2,470","https://cdn.shopify.com/s/files/1/0534/2501/2925/products/olive-green-cotton-flax-short-shorts-short-shorts-974059_200x.jpg?v=1625847458,https://cdn.shopify.com/s/files/1/0534/2501/2925/products/olive-green-cotton-flax-short-shorts-short-shorts-974059_300x.jpg?v=1625847458,https://cdn.shopify.com/s/files/1/0534/2501/2925/products/olive-green-cotton-flax-short-shorts-short-shorts-974059_400x.jpg?v=1625847458,https://cdn.shopify.com/s/files/1/0534/2501/2925/products/olive-green-cotton-flax-short-shorts-short-shorts-974059_600x.jpg?v=1625847458,https://cdn.shopify.com/s/files/1/0534/2501/2925/products/olive-green-cotton-flax-short-shorts-short-shorts-974059_800x.jpg?v=1625847458,https://cdn.shopify.com/s/files/1/0534/2501/2925/products/olive-green-cotton-flax-short-shorts-short-shorts-974059_900x.jpg?v=1625847458,https://cdn.shopify.com/s/files/1/0534/2501/2925/products/olive-green-cotton-flax-short-shorts-short-shorts-974059_1000x.jpg?v=1625847458,https://cdn.shopify.com/s/files/1/0534/2501/2925/products/olive-green-cotton-flax-short-shorts-short-shorts-974059_1200x.jpg?v=1625847458"
Cotton Beige Striped Paperbag Shorts,,"₹3,550","https://cdn.shopify.com/s/files/1/0534/2501/2925/products/cotton-beige-striped-paperbag-shorts-paperbag-shorts-553172_200x.jpg?v=1625992611,https://cdn.shopify.com/s/files/1/0534/2501/2925/products/cotton-beige-striped-paperbag-shorts-paperbag-shorts-553172_300x.jpg?v=1625992611,https://cdn.shopify.com/s/files/1/0534/2501/2925/products/cotton-beige-striped-paperbag-shorts-paperbag-shorts-553172_400x.jpg?v=1625992611,https://cdn.shopify.com/s/files/1/0534/2501/2925/products/cotton-beige-striped-paperbag-shorts-paperbag-shorts-553172_600x.jpg?v=1625992611,https://cdn.shopify.com/s/files/1/0534/2501/2925/products/cotton-beige-striped-paperbag-shorts-paperbag-shorts-553172_800x.jpg?v=1625992611,https://cdn.shopify.com/s/files/1/0534/2501/2925/products/cotton-beige-striped-paperbag-shorts-paperbag-shorts-553172_900x.jpg?v=1625992611,https://cdn.shopify.com/s/files/1/0534/2501/2925/products/cotton-beige-striped-paperbag-shorts-paperbag-shorts-553172_1000x.jpg?v=1625992611,https://cdn.shopify.com/s/files/1/0534/2501/2925/products/cotton-beige-striped-paperbag-shorts-paperbag-shorts-553172_1200x.jpg?v=1625992611"
Breezy Off-White Striped Mid-Rise Shorts,,"₹2,620","https://cdn.shopify.com/s/files/1/0534/2501/2925/products/breezy-off-white-striped-mid-rise-shorts-short-shorts-859021_200x.jpg?v=1611242488,https://cdn.shopify.com/s/files/1/0534/2501/2925/products/breezy-off-white-striped-mid-rise-shorts-short-shorts-859021_300x.jpg?v=1611242488,https://cdn.shopify.com/s/files/1/0534/2501/2925/products/breezy-off-white-striped-mid-rise-shorts-short-shorts-859021_400x.jpg?v=1611242488,https://cdn.shopify.com/s/files/1/0534/2501/2925/products/breezy-off-white-striped-mid-rise-shorts-short-shorts-859021_600x.jpg?v=1611242488,https://cdn.shopify.com/s/files/1/0534/2501/2925/products/breezy-off-white-striped-mid-rise-shorts-short-shorts-859021_800x.jpg?v=1611242488,https://cdn.shopify.com/s/files/1/0534/2501/2925/products/breezy-off-white-striped-mid-rise-shorts-short-shorts-859021_900x.jpg?v=1611242488,https://cdn.shopify.com/s/files/1/0534/2501/2925/products/breezy-off-white-striped-mid-rise-shorts-short-shorts-859021_1000x.jpg?v=1611242488,https://cdn.shopify.com/s/files/1/0534/2501/2925/products/breezy-off-white-striped-mid-rise-shorts-short-shorts-859021_1200x.jpg?v=1611242488"
Cotton Grey Striped Paperbag Shorts,,"₹3,550","https://cdn.shopify.com/s/files/1/0534/2501/2925/products/cotton-grey-striped-paperbag-shorts-paperbag-shorts-183865_200x.jpg?v=1625849646,https://cdn.shopify.com/s/files/1/0534/2501/2925/products/cotton-grey-striped-paperbag-shorts-paperbag-shorts-183865_300x.jpg?v=1625849646,https://cdn.shopify.com/s/files/1/0534/2501/2925/products/cotton-grey-striped-paperbag-shorts-paperbag-shorts-183865_400x.jpg?v=1625849646,https://cdn.shopify.com/s/files/1/0534/2501/2925/products/cotton-grey-striped-paperbag-shorts-paperbag-shorts-183865_600x.jpg?v=1625849646,https://cdn.shopify.com/s/files/1/0534/2501/2925/products/cotton-grey-striped-paperbag-shorts-paperbag-shorts-183865_800x.jpg?v=1625849646,https://cdn.shopify.com/s/files/1/0534/2501/2925/products/cotton-grey-striped-paperbag-shorts-paperbag-shorts-183865_900x.jpg?v=1625849646,https://cdn.shopify.com/s/files/1/0534/2501/2925/products/cotton-grey-striped-paperbag-shorts-paperbag-shorts-183865_1000x.jpg?v=1625849646,https://cdn.shopify.com/s/files/1/0534/2501/2925/products/cotton-grey-striped-paperbag-shorts-paperbag-shorts-183865_1200x.jpg?v=1625849646"
Beige Solid Cotton Short Shorts,,"₹2,460","https://cdn.shopify.com/s/files/1/0534/2501/2925/products/beige-solid-cotton-short-shorts-short-shorts-521202_200x.jpg?v=1611250601,https://cdn.shopify.com/s/files/1/0534/2501/2925/products/beige-solid-cotton-short-shorts-short-shorts-521202_300x.jpg?v=1611250601,https://cdn.shopify.com/s/files/1/0534/2501/2925/products/beige-solid-cotton-short-shorts-short-shorts-521202_400x.jpg?v=1611250601,https://cdn.shopify.com/s/files/1/0534/2501/2925/products/beige-solid-cotton-short-shorts-short-shorts-521202_600x.jpg?v=1611250601,https://cdn.shopify.com/s/files/1/0534/2501/2925/products/beige-solid-cotton-short-shorts-short-shorts-521202_800x.jpg?v=1611250601,https://cdn.shopify.com/s/files/1/0534/2501/2925/products/beige-solid-cotton-short-shorts-short-shorts-521202_900x.jpg?v=1611250601,https://cdn.shopify.com/s/files/1/0534/2501/2925/products/beige-solid-cotton-short-shorts-short-shorts-521202_1000x.jpg?v=1611250601,https://cdn.shopify.com/s/files/1/0534/2501/2925/products/beige-solid-cotton-short-shorts-short-shorts-521202_1200x.jpg?v=1611250601"
White Crinkled Cotton Frilled Shorts,,"₹3,560","https://cdn.shopify.com/s/files/1/0534/2501/2925/products/frilled-short-shorts-short-short-788036_200x.jpg?v=1625850974,https://cdn.shopify.com/s/files/1/0534/2501/2925/products/frilled-short-shorts-short-short-788036_300x.jpg?v=1625850974,https://cdn.shopify.com/s/files/1/0534/2501/2925/products/frilled-short-shorts-short-short-788036_400x.jpg?v=1625850974,https://cdn.shopify.com/s/files/1/0534/2501/2925/products/frilled-short-shorts-short-short-788036_600x.jpg?v=1625850974,https://cdn.shopify.com/s/files/1/0534/2501/2925/products/frilled-short-shorts-short-short-788036_800x.jpg?v=1625850974,https://cdn.shopify.com/s/files/1/0534/2501/2925/products/frilled-short-shorts-short-short-788036_900x.jpg?v=1625850974,https://cdn.shopify.com/s/files/1/0534/2501/2925/products/frilled-short-shorts-short-short-788036_1000x.jpg?v=1625850974,https://cdn.shopify.com/s/files/1/0534/2501/2925/products/frilled-short-shorts-short-short-788036_1200x.jpg?v=1625850974"
Teal Solid Cotton Short Shorts,,"₹2,460","https://cdn.shopify.com/s/files/1/0534/2501/2925/products/teal-solid-cotton-short-shorts-short-shorts-481250_200x.jpg?v=1611250049,https://cdn.shopify.com/s/files/1/0534/2501/2925/products/teal-solid-cotton-short-shorts-short-shorts-481250_300x.jpg?v=1611250049,https://cdn.shopify.com/s/files/1/0534/2501/2925/products/teal-solid-cotton-short-shorts-short-shorts-481250_400x.jpg?v=1611250049,https://cdn.shopify.com/s/files/1/0534/2501/2925/products/teal-solid-cotton-short-shorts-short-shorts-481250_600x.jpg?v=1611250049,https://cdn.shopify.com/s/files/1/0534/2501/2925/products/teal-solid-cotton-short-shorts-short-shorts-481250_800x.jpg?v=1611250049,https://cdn.shopify.com/s/files/1/0534/2501/2925/products/teal-solid-cotton-short-shorts-short-shorts-481250_900x.jpg?v=1611250049,https://cdn.shopify.com/s/files/1/0534/2501/2925/products/teal-solid-cotton-short-shorts-short-shorts-481250_1000x.jpg?v=1611250049,https://cdn.shopify.com/s/files/1/0534/2501/2925/products/teal-solid-cotton-short-shorts-short-shorts-481250_1200x.jpg?v=1611250049"
White Hand Beaded Short Cotton Shorts,,"₹3,020","https://cdn.shopify.com/s/files/1/0534/2501/2925/products/white-hand-beaded-short-shorts-short-shorts-249070_200x.jpg?v=1625990991,https://cdn.shopify.com/s/files/1/0534/2501/2925/products/white-hand-beaded-short-shorts-short-shorts-249070_300x.jpg?v=1625990991,https://cdn.shopify.com/s/files/1/0534/2501/2925/products/white-hand-beaded-short-shorts-short-shorts-249070_400x.jpg?v=1625990991,https://cdn.shopify.com/s/files/1/0534/2501/2925/products/white-hand-beaded-short-shorts-short-shorts-249070_600x.jpg?v=1625990991,https://cdn.shopify.com/s/files/1/0534/2501/2925/products/white-hand-beaded-short-shorts-short-shorts-249070_800x.jpg?v=1625990991,https://cdn.shopify.com/s/files/1/0534/2501/2925/products/white-hand-beaded-short-shorts-short-shorts-249070_900x.jpg?v=1625990991,https://cdn.shopify.com/s/files/1/0534/2501/2925/products/white-hand-beaded-short-shorts-short-shorts-249070_1000x.jpg?v=1625990991,https://cdn.shopify.com/s/files/1/0534/2501/2925/products/white-hand-beaded-short-shorts-short-shorts-249070_1200x.jpg?v=1625990991"
Brick Red Cotton Straight Shorts,,"₹1,880","https://cdn.shopify.com/s/files/1/0534/2501/2925/products/brick-red-mid-rise-straight-shorts-straight-fit-shorts-804680_200x.jpg?v=1625849079,https://cdn.shopify.com/s/files/1/0534/2501/2925/products/brick-red-mid-rise-straight-shorts-straight-fit-shorts-804680_300x.jpg?v=1625849079,https://cdn.shopify.com/s/files/1/0534/2501/2925/products/brick-red-mid-rise-straight-shorts-straight-fit-shorts-804680_400x.jpg?v=1625849079,https://cdn.shopify.com/s/files/1/0534/2501/2925/products/brick-red-mid-rise-straight-shorts-straight-fit-shorts-804680_600x.jpg?v=1625849079,https://cdn.shopify.com/s/files/1/0534/2501/2925/products/brick-red-mid-rise-straight-shorts-straight-fit-shorts-804680_800x.jpg?v=1625849079,https://cdn.shopify.com/s/files/1/0534/2501/2925/products/brick-red-mid-rise-straight-shorts-straight-fit-shorts-804680_900x.jpg?v=1625849079,https://cdn.shopify.com/s/files/1/0534/2501/2925/products/brick-red-mid-rise-straight-shorts-straight-fit-shorts-804680_1000x.jpg?v=1625849079,https://cdn.shopify.com/s/files/1/0534/2501/2925/products/brick-red-mid-rise-straight-shorts-straight-fit-shorts-804680_1200x.jpg?v=1625849079"
Red Yarn Dyed Mid Rise Flared Shorts,,"₹4,210","https://cdn.shopify.com/s/files/1/0534/2501/2925/products/red-yarn-dyed-cotton-pleated-shorts-pleated-shorts-589634_200x.jpg?v=1625848592,https://cdn.shopify.com/s/files/1/0534/2501/2925/products/red-yarn-dyed-cotton-pleated-shorts-pleated-shorts-589634_300x.jpg?v=1625848592,https://cdn.shopify.com/s/files/1/0534/2501/2925/products/red-yarn-dyed-cotton-pleated-shorts-pleated-shorts-589634_400x.jpg?v=1625848592,https://cdn.shopify.com/s/files/1/0534/2501/2925/products/red-yarn-dyed-cotton-pleated-shorts-pleated-shorts-589634_600x.jpg?v=1625848592,https://cdn.shopify.com/s/files/1/0534/2501/2925/products/red-yarn-dyed-cotton-pleated-shorts-pleated-shorts-589634_800x.jpg?v=1625848592,https://cdn.shopify.com/s/files/1/0534/2501/2925/products/red-yarn-dyed-cotton-pleated-shorts-pleated-shorts-589634_900x.jpg?v=1625848592,https://cdn.shopify.com/s/files/1/0534/2501/2925/products/red-yarn-dyed-cotton-pleated-shorts-pleated-shorts-589634_1000x.jpg?v=1625848592,https://cdn.shopify.com/s/files/1/0534/2501/2925/products/red-yarn-dyed-cotton-pleated-shorts-pleated-shorts-589634_1200x.jpg?v=1625848592"
Blue Sanganeri Print Floral Short Shorts,Hand Block Printed,"₹2,730","https://cdn.shopify.com/s/files/1/0534/2501/2925/products/blue-sanganeri-print-floral-short-shorts-short-shorts-771677_200x.jpg?v=1625849045,https://cdn.shopify.com/s/files/1/0534/2501/2925/products/blue-sanganeri-print-floral-short-shorts-short-shorts-771677_300x.jpg?v=1625849045,https://cdn.shopify.com/s/files/1/0534/2501/2925/products/blue-sanganeri-print-floral-short-shorts-short-shorts-771677_400x.jpg?v=1625849045,https://cdn.shopify.com/s/files/1/0534/2501/2925/products/blue-sanganeri-print-floral-short-shorts-short-shorts-771677_600x.jpg?v=1625849045,https://cdn.shopify.com/s/files/1/0534/2501/2925/products/blue-sanganeri-print-floral-short-shorts-short-shorts-771677_800x.jpg?v=1625849045,https://cdn.shopify.com/s/files/1/0534/2501/2925/products/blue-sanganeri-print-floral-short-shorts-short-shorts-771677_900x.jpg?v=1625849045,https://cdn.shopify.com/s/files/1/0534/2501/2925/products/blue-sanganeri-print-floral-short-shorts-short-shorts-771677_1000x.jpg?v=1625849045,https://cdn.shopify.com/s/files/1/0534/2501/2925/products/blue-sanganeri-print-floral-short-shorts-short-shorts-771677_1200x.jpg?v=1625849045"
Mint Green Cotton Chambray Shorts,,"₹3,200","https://cdn.shopify.com/s/files/1/0534/2501/2925/products/mint-green-cotton-chambray-short-shorts-short-shorts-310386_200x.jpg?v=1626280045,https://cdn.shopify.com/s/files/1/0534/2501/2925/products/mint-green-cotton-chambray-short-shorts-short-shorts-310386_300x.jpg?v=1626280045,https://cdn.shopify.com/s/files/1/0534/2501/2925/products/mint-green-cotton-chambray-short-shorts-short-shorts-310386_400x.jpg?v=1626280045,https://cdn.shopify.com/s/files/1/0534/2501/2925/products/mint-green-cotton-chambray-short-shorts-short-shorts-310386_600x.jpg?v=1626280045,https://cdn.shopify.com/s/files/1/0534/2501/2925/products/mint-green-cotton-chambray-short-shorts-short-shorts-310386_800x.jpg?v=1626280045,https://cdn.shopify.com/s/files/1/0534/2501/2925/products/mint-green-cotton-chambray-short-shorts-short-shorts-310386_900x.jpg?v=1626280045,https://cdn.shopify.com/s/files/1/0534/2501/2925/products/mint-green-cotton-chambray-short-shorts-short-shorts-310386_1000x.jpg?v=1626280045,https://cdn.shopify.com/s/files/1/0534/2501/2925/products/mint-green-cotton-chambray-short-shorts-short-shorts-310386_1200x.jpg?v=1626280045"
Powder Pink Handspun Mid Rise Shorts,Handspun Handwoven,"₹4,450","https://cdn.shopify.com/s/files/1/0534/2501/2925/products/powder-pink-handspun-paneled-shorts-paneled-shorts-274630_200x.jpg?v=1626282304,https://cdn.shopify.com/s/files/1/0534/2501/2925/products/powder-pink-handspun-paneled-shorts-paneled-shorts-274630_300x.jpg?v=1626282304,https://cdn.shopify.com/s/files/1/0534/2501/2925/products/powder-pink-handspun-paneled-shorts-paneled-shorts-274630_400x.jpg?v=1626282304,https://cdn.shopify.com/s/files/1/0534/2501/2925/products/powder-pink-handspun-paneled-shorts-paneled-shorts-274630_600x.jpg?v=1626282304,https://cdn.shopify.com/s/files/1/0534/2501/2925/products/powder-pink-handspun-paneled-shorts-paneled-shorts-274630_800x.jpg?v=1626282304,https://cdn.shopify.com/s/files/1/0534/2501/2925/products/powder-pink-handspun-paneled-shorts-paneled-shorts-274630_900x.jpg?v=1626282304,https://cdn.shopify.com/s/files/1/0534/2501/2925/products/powder-pink-handspun-paneled-shorts-paneled-shorts-274630_1000x.jpg?v=1626282304,https://cdn.shopify.com/s/files/1/0534/2501/2925/products/powder-pink-handspun-paneled-shorts-paneled-shorts-274630_1200x.jpg?v=1626282304"
Bagru Block Print Mustard Straight Shorts,,"₹3,540","https://cdn.shopify.com/s/files/1/0534/2501/2925/products/mustard-paisley-straight-short-shorts-short-shorts-439136_200x.jpg?v=1625993460,https://cdn.shopify.com/s/files/1/0534/2501/2925/products/mustard-paisley-straight-short-shorts-short-shorts-439136_300x.jpg?v=1625993460,https://cdn.shopify.com/s/files/1/0534/2501/2925/products/mustard-paisley-straight-short-shorts-short-shorts-439136_400x.jpg?v=1625993460,https://cdn.shopify.com/s/files/1/0534/2501/2925/products/mustard-paisley-straight-short-shorts-short-shorts-439136_600x.jpg?v=1625993460,https://cdn.shopify.com/s/files/1/0534/2501/2925/products/mustard-paisley-straight-short-shorts-short-shorts-439136_800x.jpg?v=1625993460,https://cdn.shopify.com/s/files/1/0534/2501/2925/products/mustard-paisley-straight-short-shorts-short-shorts-439136_900x.jpg?v=1625993460,https://cdn.shopify.com/s/files/1/0534/2501/2925/products/mustard-paisley-straight-short-shorts-short-shorts-439136_1000x.jpg?v=1625993460,https://cdn.shopify.com/s/files/1/0534/2501/2925/products/mustard-paisley-straight-short-shorts-short-shorts-439136_1200x.jpg?v=1625993460"
Block Printed Striped Boxer Shorts,,"₹3,690","https://cdn.shopify.com/s/files/1/0534/2501/2925/products/elastic-waist-striped-short-shorts-short-short-516623_200x.jpg?v=1626188018,https://cdn.shopify.com/s/files/1/0534/2501/2925/products/elastic-waist-striped-short-shorts-short-short-516623_300x.jpg?v=1626188018,https://cdn.shopify.com/s/files/1/0534/2501/2925/products/elastic-waist-striped-short-shorts-short-short-516623_400x.jpg?v=1626188018,https://cdn.shopify.com/s/files/1/0534/2501/2925/products/elastic-waist-striped-short-shorts-short-short-516623_600x.jpg?v=1626188018,https://cdn.shopify.com/s/files/1/0534/2501/2925/products/elastic-waist-striped-short-shorts-short-short-516623_800x.jpg?v=1626188018,https://cdn.shopify.com/s/files/1/0534/2501/2925/products/elastic-waist-striped-short-shorts-short-short-516623_900x.jpg?v=1626188018,https://cdn.shopify.com/s/files/1/0534/2501/2925/products/elastic-waist-striped-short-shorts-short-short-516623_1000x.jpg?v=1626188018,https://cdn.shopify.com/s/files/1/0534/2501/2925/products/elastic-waist-striped-short-shorts-short-short-516623_1200x.jpg?v=1626188018"
Striped Mobile Pocket Bagru Short Shorts,,"₹3,010","https://cdn.shopify.com/s/files/1/0534/2501/2925/products/striped-mobile-pocket-short-shorts-short-shorts-511714_200x.jpg?v=1626171990,https://cdn.shopify.com/s/files/1/0534/2501/2925/products/striped-mobile-pocket-short-shorts-short-shorts-511714_300x.jpg?v=1626171990,https://cdn.shopify.com/s/files/1/0534/2501/2925/products/striped-mobile-pocket-short-shorts-short-shorts-511714_400x.jpg?v=1626171990,https://cdn.shopify.com/s/files/1/0534/2501/2925/products/striped-mobile-pocket-short-shorts-short-shorts-511714_600x.jpg?v=1626171990,https://cdn.shopify.com/s/files/1/0534/2501/2925/products/striped-mobile-pocket-short-shorts-short-shorts-511714_800x.jpg?v=1626171990,https://cdn.shopify.com/s/files/1/0534/2501/2925/products/striped-mobile-pocket-short-shorts-short-shorts-511714_900x.jpg?v=1626171990,https://cdn.shopify.com/s/files/1/0534/2501/2925/products/striped-mobile-pocket-short-shorts-short-shorts-511714_1000x.jpg?v=1626171990,https://cdn.shopify.com/s/files/1/0534/2501/2925/products/striped-mobile-pocket-short-shorts-short-shorts-511714_1200x.jpg?v=1626171990"
Beige Mid-Rise Cotton Straight Shorts,,"₹1,880","https://cdn.shopify.com/s/files/1/0534/2501/2925/products/beige-mid-rise-cotton-straight-shorts-straight-shorts-112654_200x.jpg?v=1611242420,https://cdn.shopify.com/s/files/1/0534/2501/2925/products/beige-mid-rise-cotton-straight-shorts-straight-shorts-112654_300x.jpg?v=1611242420,https://cdn.shopify.com/s/files/1/0534/2501/2925/products/beige-mid-rise-cotton-straight-shorts-straight-shorts-112654_400x.jpg?v=1611242420,https://cdn.shopify.com/s/files/1/0534/2501/2925/products/beige-mid-rise-cotton-straight-shorts-straight-shorts-112654_600x.jpg?v=1611242420,https://cdn.shopify.com/s/files/1/0534/2501/2925/products/beige-mid-rise-cotton-straight-shorts-straight-shorts-112654_800x.jpg?v=1611242420,https://cdn.shopify.com/s/files/1/0534/2501/2925/products/beige-mid-rise-cotton-straight-shorts-straight-shorts-112654_900x.jpg?v=1611242420,https://cdn.shopify.com/s/files/1/0534/2501/2925/products/beige-mid-rise-cotton-straight-shorts-straight-shorts-112654_1000x.jpg?v=1611242420,https://cdn.shopify.com/s/files/1/0534/2501/2925/products/beige-mid-rise-cotton-straight-shorts-straight-shorts-112654_1200x.jpg?v=1611242420"
Mint Green Handspun Mid-Rise Shorts,Handspun Handwoven,"₹3,570","https://cdn.shopify.com/s/files/1/0534/2501/2925/products/mint-green-handspun-mid-rise-shorts-short-shorts-881441_200x.jpg?v=1626080718,https://cdn.shopify.com/s/files/1/0534/2501/2925/products/mint-green-handspun-mid-rise-shorts-short-shorts-881441_300x.jpg?v=1626080718,https://cdn.shopify.com/s/files/1/0534/2501/2925/products/mint-green-handspun-mid-rise-shorts-short-shorts-881441_400x.jpg?v=1626080718,https://cdn.shopify.com/s/files/1/0534/2501/2925/products/mint-green-handspun-mid-rise-shorts-short-shorts-881441_600x.jpg?v=1626080718,https://cdn.shopify.com/s/files/1/0534/2501/2925/products/mint-green-handspun-mid-rise-shorts-short-shorts-881441_800x.jpg?v=1626080718,https://cdn.shopify.com/s/files/1/0534/2501/2925/products/mint-green-handspun-mid-rise-shorts-short-shorts-881441_900x.jpg?v=1626080718,https://cdn.shopify.com/s/files/1/0534/2501/2925/products/mint-green-handspun-mid-rise-shorts-short-shorts-881441_1000x.jpg?v=1626080718,https://cdn.shopify.com/s/files/1/0534/2501/2925/products/mint-green-handspun-mid-rise-shorts-short-shorts-881441_1200x.jpg?v=1626080718"
Handspun Solid Red Casual Cotton Shorts,Handspun Handwoven,"₹3,100","https://cdn.shopify.com/s/files/1/0534/2501/2925/products/handspun-solid-red-casual-cotton-shorts-short-shorts-484823_200x.jpg?v=1626191935,https://cdn.shopify.com/s/files/1/0534/2501/2925/products/handspun-solid-red-casual-cotton-shorts-short-shorts-484823_300x.jpg?v=1626191935,https://cdn.shopify.com/s/files/1/0534/2501/2925/products/handspun-solid-red-casual-cotton-shorts-short-shorts-484823_400x.jpg?v=1626191935,https://cdn.shopify.com/s/files/1/0534/2501/2925/products/handspun-solid-red-casual-cotton-shorts-short-shorts-484823_600x.jpg?v=1626191935,https://cdn.shopify.com/s/files/1/0534/2501/2925/products/handspun-solid-red-casual-cotton-shorts-short-shorts-484823_800x.jpg?v=1626191935,https://cdn.shopify.com/s/files/1/0534/2501/2925/products/handspun-solid-red-casual-cotton-shorts-short-shorts-484823_900x.jpg?v=1626191935,https://cdn.shopify.com/s/files/1/0534/2501/2925/products/handspun-solid-red-casual-cotton-shorts-short-shorts-484823_1000x.jpg?v=1626191935,https://cdn.shopify.com/s/files/1/0534/2501/2925/products/handspun-solid-red-casual-cotton-shorts-short-shorts-484823_1200x.jpg?v=1626191935"
Powder Blue Vegetable Dyed Handspun Short Shorts,Handspun Handwoven,"₹4,660","https://cdn.shopify.com/s/files/1/0534/2501/2925/products/powder-blue-vegetable-dyed-handspun-short-shorts-short-shorts-832460_200x.jpg?v=1626282234,https://cdn.shopify.com/s/files/1/0534/2501/2925/products/powder-blue-vegetable-dyed-handspun-short-shorts-short-shorts-832460_300x.jpg?v=1626282234,https://cdn.shopify.com/s/files/1/0534/2501/2925/products/powder-blue-vegetable-dyed-handspun-short-shorts-short-shorts-832460_400x.jpg?v=1626282234,https://cdn.shopify.com/s/files/1/0534/2501/2925/products/powder-blue-vegetable-dyed-handspun-short-shorts-short-shorts-832460_600x.jpg?v=1626282234,https://cdn.shopify.com/s/files/1/0534/2501/2925/products/powder-blue-vegetable-dyed-handspun-short-shorts-short-shorts-832460_800x.jpg?v=1626282234,https://cdn.shopify.com/s/files/1/0534/2501/2925/products/powder-blue-vegetable-dyed-handspun-short-shorts-short-shorts-832460_900x.jpg?v=1626282234,https://cdn.shopify.com/s/files/1/0534/2501/2925/products/powder-blue-vegetable-dyed-handspun-short-shorts-short-shorts-832460_1000x.jpg?v=1626282234,https://cdn.shopify.com/s/files/1/0534/2501/2925/products/powder-blue-vegetable-dyed-handspun-short-shorts-short-shorts-832460_1200x.jpg?v=1626282234"
Brick Red Vegetable Dyed Handspun Short Shorts,Handspun Handwoven,"₹4,660","https://cdn.shopify.com/s/files/1/0534/2501/2925/products/brick-red-vegetable-dyed-handspun-short-shorts-short-shorts-577627_200x.jpg?v=1626188524,https://cdn.shopify.com/s/files/1/0534/2501/2925/products/brick-red-vegetable-dyed-handspun-short-shorts-short-shorts-577627_300x.jpg?v=1626188524,https://cdn.shopify.com/s/files/1/0534/2501/2925/products/brick-red-vegetable-dyed-handspun-short-shorts-short-shorts-577627_400x.jpg?v=1626188524,https://cdn.shopify.com/s/files/1/0534/2501/2925/products/brick-red-vegetable-dyed-handspun-short-shorts-short-shorts-577627_600x.jpg?v=1626188524,https://cdn.shopify.com/s/files/1/0534/2501/2925/products/brick-red-vegetable-dyed-handspun-short-shorts-short-shorts-577627_800x.jpg?v=1626188524,https://cdn.shopify.com/s/files/1/0534/2501/2925/products/brick-red-vegetable-dyed-handspun-short-shorts-short-shorts-577627_900x.jpg?v=1626188524,https://cdn.shopify.com/s/files/1/0534/2501/2925/products/brick-red-vegetable-dyed-handspun-short-shorts-short-shorts-577627_1000x.jpg?v=1626188524,https://cdn.shopify.com/s/files/1/0534/2501/2925/products/brick-red-vegetable-dyed-handspun-short-shorts-short-shorts-577627_1200x.jpg?v=1626188524"
Powder Pink Vegetable Dyed Handspun Short Shorts,Handspun Handwoven,"₹4,660","https://cdn.shopify.com/s/files/1/0534/2501/2925/products/powder-pink-vegetable-dyed-handspun-short-shorts-short-shorts-227718_200x.jpg?v=1626282323,https://cdn.shopify.com/s/files/1/0534/2501/2925/products/powder-pink-vegetable-dyed-handspun-short-shorts-short-shorts-227718_300x.jpg?v=1626282323,https://cdn.shopify.com/s/files/1/0534/2501/2925/products/powder-pink-vegetable-dyed-handspun-short-shorts-short-shorts-227718_400x.jpg?v=1626282323,https://cdn.shopify.com/s/files/1/0534/2501/2925/products/powder-pink-vegetable-dyed-handspun-short-shorts-short-shorts-227718_600x.jpg?v=1626282323,https://cdn.shopify.com/s/files/1/0534/2501/2925/products/powder-pink-vegetable-dyed-handspun-short-shorts-short-shorts-227718_800x.jpg?v=1626282323,https://cdn.shopify.com/s/files/1/0534/2501/2925/products/powder-pink-vegetable-dyed-handspun-short-shorts-short-shorts-227718_900x.jpg?v=1626282323,https://cdn.shopify.com/s/files/1/0534/2501/2925/products/powder-pink-vegetable-dyed-handspun-short-shorts-short-shorts-227718_1000x.jpg?v=1626282323,https://cdn.shopify.com/s/files/1/0534/2501/2925/products/powder-pink-vegetable-dyed-handspun-short-shorts-short-shorts-227718_1200x.jpg?v=1626282323"
Rust Vegetable Dyed Handspun Short Shorts,Handspun Handwoven,"₹4,660","https://cdn.shopify.com/s/files/1/0534/2501/2925/products/rust-vegetable-dyed-handspun-short-shorts-short-shorts-529557_200x.jpg?v=1626282778,https://cdn.shopify.com/s/files/1/0534/2501/2925/products/rust-vegetable-dyed-handspun-short-shorts-short-shorts-529557_300x.jpg?v=1626282778,https://cdn.shopify.com/s/files/1/0534/2501/2925/products/rust-vegetable-dyed-handspun-short-shorts-short-shorts-529557_400x.jpg?v=1626282778,https://cdn.shopify.com/s/files/1/0534/2501/2925/products/rust-vegetable-dyed-handspun-short-shorts-short-shorts-529557_600x.jpg?v=1626282778,https://cdn.shopify.com/s/files/1/0534/2501/2925/products/rust-vegetable-dyed-handspun-short-shorts-short-shorts-529557_800x.jpg?v=1626282778,https://cdn.shopify.com/s/files/1/0534/2501/2925/products/rust-vegetable-dyed-handspun-short-shorts-short-shorts-529557_900x.jpg?v=1626282778,https://cdn.shopify.com/s/files/1/0534/2501/2925/products/rust-vegetable-dyed-handspun-short-shorts-short-shorts-529557_1000x.jpg?v=1626282778,https://cdn.shopify.com/s/files/1/0534/2501/2925/products/rust-vegetable-dyed-handspun-short-shorts-short-shorts-529557_1200x.jpg?v=1626282778"
Yellow Vegetable Dyed Handspun Short Shorts,Handspun Handwoven,"₹4,660","https://cdn.shopify.com/s/files/1/0534/2501/2925/products/yellow-vegetable-dyed-handspun-short-shorts-short-shorts-547087_200x.jpg?v=1626371454,https://cdn.shopify.com/s/files/1/0534/2501/2925/products/yellow-vegetable-dyed-handspun-short-shorts-short-shorts-547087_300x.jpg?v=1626371454,https://cdn.shopify.com/s/files/1/0534/2501/2925/products/yellow-vegetable-dyed-handspun-short-shorts-short-shorts-547087_400x.jpg?v=1626371454,https://cdn.shopify.com/s/files/1/0534/2501/2925/products/yellow-vegetable-dyed-handspun-short-shorts-short-shorts-547087_600x.jpg?v=1626371454,https://cdn.shopify.com/s/files/1/0534/2501/2925/products/yellow-vegetable-dyed-handspun-short-shorts-short-shorts-547087_800x.jpg?v=1626371454,https://cdn.shopify.com/s/files/1/0534/2501/2925/products/yellow-vegetable-dyed-handspun-short-shorts-short-shorts-547087_900x.jpg?v=1626371454,https://cdn.shopify.com/s/files/1/0534/2501/2925/products/yellow-vegetable-dyed-handspun-short-shorts-short-shorts-547087_1000x.jpg?v=1626371454,https://cdn.shopify.com/s/files/1/0534/2501/2925/products/yellow-vegetable-dyed-handspun-short-shorts-short-shorts-547087_1200x.jpg?v=1626371454"
Sky Blue Handspun Cozy Bermuda Shorts,Handspun Handwoven,"₹4,300","https://cdn.shopify.com/s/files/1/0534/2501/2925/products/4L4A4640_200x.jpg?v=1637644614,https://cdn.shopify.com/s/files/1/0534/2501/2925/products/4L4A4640_300x.jpg?v=1637644614,https://cdn.shopify.com/s/files/1/0534/2501/2925/products/4L4A4640_400x.jpg?v=1637644614,https://cdn.shopify.com/s/files/1/0534/2501/2925/products/4L4A4640_600x.jpg?v=1637644614,https://cdn.shopify.com/s/files/1/0534/2501/2925/products/4L4A4640_800x.jpg?v=1637644614,https://cdn.shopify.com/s/files/1/0534/2501/2925/products/4L4A4640_900x.jpg?v=1637644614,https://cdn.shopify.com/s/files/1/0534/2501/2925/products/4L4A4640_1000x.jpg?v=1637644614,https://cdn.shopify.com/s/files/1/0534/2501/2925/products/4L4A4640_1200x.jpg?v=1637644614"
Indigo Dabu Print High Rise Comfort Fit Shorts,,"₹2,800","https://cdn.shopify.com/s/files/1/0534/2501/2925/products/IMG_0963_6496a8f4-25a9-4a94-aa6d-bbe7c095653f_200x.jpg?v=1638422191,https://cdn.shopify.com/s/files/1/0534/2501/2925/products/IMG_0963_6496a8f4-25a9-4a94-aa6d-bbe7c095653f_300x.jpg?v=1638422191,https://cdn.shopify.com/s/files/1/0534/2501/2925/products/IMG_0963_6496a8f4-25a9-4a94-aa6d-bbe7c095653f_400x.jpg?v=1638422191,https://cdn.shopify.com/s/files/1/0534/2501/2925/products/IMG_0963_6496a8f4-25a9-4a94-aa6d-bbe7c095653f_600x.jpg?v=1638422191,https://cdn.shopify.com/s/files/1/0534/2501/2925/products/IMG_0963_6496a8f4-25a9-4a94-aa6d-bbe7c095653f_800x.jpg?v=1638422191,https://cdn.shopify.com/s/files/1/0534/2501/2925/products/IMG_0963_6496a8f4-25a9-4a94-aa6d-bbe7c095653f_900x.jpg?v=1638422191,https://cdn.shopify.com/s/files/1/0534/2501/2925/products/IMG_0963_6496a8f4-25a9-4a94-aa6d-bbe7c095653f_1000x.jpg?v=1638422191,https://cdn.shopify.com/s/files/1/0534/2501/2925/products/IMG_0963_6496a8f4-25a9-4a94-aa6d-bbe7c095653f_1200x.jpg?v=1638422191"
Bottle Green Handspun Cotton Short Shorts,Handspun Handwoven,"₹4,330","https://cdn.shopify.com/s/files/1/0534/2501/2925/products/6L3A1638copy_200x.jpg?v=1638421904,https://cdn.shopify.com/s/files/1/0534/2501/2925/products/6L3A1638copy_300x.jpg?v=1638421904,https://cdn.shopify.com/s/files/1/0534/2501/2925/products/6L3A1638copy_400x.jpg?v=1638421904,https://cdn.shopify.com/s/files/1/0534/2501/2925/products/6L3A1638copy_600x.jpg?v=1638421904,https://cdn.shopify.com/s/files/1/0534/2501/2925/products/6L3A1638copy_800x.jpg?v=1638421904,https://cdn.shopify.com/s/files/1/0534/2501/2925/products/6L3A1638copy_900x.jpg?v=1638421904,https://cdn.shopify.com/s/files/1/0534/2501/2925/products/6L3A1638copy_1000x.jpg?v=1638421904,https://cdn.shopify.com/s/files/1/0534/2501/2925/products/6L3A1638copy_1200x.jpg?v=1638421904"
